[{"id":"user-image-Screenshot11.png","fileName":"Screenshot11.png","name":"Screenshot11","publicUrl":"https://assets.nicepagecdn.com/8a4cfad1/6180087/images/Screenshot11.png","size":260402,"hash":"nulGV6TCIP94IHbAWfd23bhMRjY=","width":2108,"height":1252,"folderId":null,"thumbnail":{"url":"https://assets.nicepagecdn.com/8a4cfad1/6180087/images/thumbnails/Screenshot11.png","width":150,"height":89},"usages":["7321365"]},{"id":"user-image-Screenshot21.png","fileName":"Screenshot21.png","name":"Screenshot21","publicUrl":"https://assets.nicepagecdn.com/8a4cfad1/6180087/images/Screenshot21.png","size":145744,"hash":"Ycv1jC9/sXy72JcI1zgdb9BBqgs=","width":2046,"height":1088,"folderId":null,"thumbnail":{"url":"https://assets.nicepagecdn.com/8a4cfad1/6180087/images/thumbnails/Screenshot21.png","width":150,"height":80},"usages":["7321365"]},{"id":"user-image-Screenshot19.png","fileName":"Screenshot19.png","name":"Screenshot19","publicUrl":"https://assets.nicepagecdn.com/8a4cfad1/6180087/images/Screenshot19.png","size":132376,"hash":"JYLVV8t3hXMJ5e3g3/034TuTuRg=","width":2064,"height":1072,"folderId":null,"thumbnail":{"url":"https://assets.nicepagecdn.com/8a4cfad1/6180087/images/thumbnails/Screenshot19.png","width":150,"height":78},"usages":[]},{"id":"user-image-Screenshot10.png","fileName":"Screenshot10.png","name":"Screenshot10","publicUrl":"https://assets.nicepagecdn.com/8a4cfad1/6180087/images/Screenshot10.png","size":222847,"hash":"SBTrjcLM+DxgifrLRDO6/n0Mpxc=","width":2088,"height":994,"folderId":null,"thumbnail":{"url":"https://assets.nicepagecdn.com/8a4cfad1/6180087/images/thumbnails/Screenshot10.png","width":150,"height":71},"usages":[]},{"id":"user-image-Screenshot3.png","fileName":"Screenshot3.png","name":"Screenshot3","publicUrl":"https://assets.nicepagecdn.com/8a4cfad1/6180087/images/Screenshot3.png","size":210375,"hash":"9hDcSjPo2N7kYNY7rU81fspDagk=","width":2106,"height":1322,"folderId":null,"thumbnail":{"url":"https://assets.nicepagecdn.com/8a4cfad1/6180087/images/thumbnails/Screenshot3.png","width":150,"height":94},"usages":["7321365"]},{"id":"user-image-Screenshot12.png","fileName":"Screenshot12.png","name":"Screenshot12","publicUrl":"https://assets.nicepagecdn.com/8a4cfad1/6180087/images/Screenshot12.png","size":180227,"hash":"wrZ8kPJjDS8O8Td03GmT3Gcjw94=","width":2090,"height":842,"folderId":null,"thumbnail":{"url":"https://assets.nicepagecdn.com/8a4cfad1/6180087/images/thumbnails/Screenshot12.png","width":150,"height":60},"usages":[]},{"id":"user-image-Screenshot13.png","fileName":"Screenshot13.png","name":"Screenshot13","publicUrl":"https://assets.nicepagecdn.com/8a4cfad1/6180087/images/Screenshot13.png","size":81034,"hash":"DvPZm/yFZKZASsCkjwnmRwxpvGk=","width":2092,"height":596,"folderId":null,"thumbnail":{"url":"https://assets.nicepagecdn.com/8a4cfad1/6180087/images/thumbnails/Screenshot13.png","width":150,"height":43},"usages":[]},{"id":"user-image-Screenshot14.png","fileName":"Screenshot14.png","name":"Screenshot14","publicUrl":"https://assets.nicepagecdn.com/8a4cfad1/6180087/images/Screenshot14.png","size":211775,"hash":"YM4+2zjcHZDADaPbLaO1hJOx/xg=","width":2100,"height":1092,"folderId":null,"thumbnail":{"url":"https://assets.nicepagecdn.com/8a4cfad1/6180087/images/thumbnails/Screenshot14.png","width":150,"height":78},"usages":["7321365"]},{"id":"user-image-Screenshot4.png","fileName":"Screenshot4.png","name":"Screenshot4","publicUrl":"https://assets.nicepagecdn.com/8a4cfad1/6180087/images/Screenshot4.png","size":128486,"hash":"I0jssK+QqSpa3F0r9AQ90ngGttc=","width":2108,"height":846,"folderId":null,"thumbnail":{"url":"https://assets.nicepagecdn.com/8a4cfad1/6180087/images/thumbnails/Screenshot4.png","width":150,"height":60},"usages":[]},{"id":"user-image-Screenshot9.png","fileName":"Screenshot9.png","name":"Screenshot9","publicUrl":"https://assets.nicepagecdn.com/8a4cfad1/6180087/images/Screenshot9.png","size":211161,"hash":"Euo6/xuv1PYjs5mbfnUziGxj/D8=","width":2102,"height":944,"folderId":null,"thumbnail":{"url":"https://assets.nicepagecdn.com/8a4cfad1/6180087/images/thumbnails/Screenshot9.png","width":150,"height":67},"usages":["7321365"]},{"id":"user-image-Screenshot7.png","fileName":"Screenshot7.png","name":"Screenshot7","publicUrl":"https://assets.nicepagecdn.com/8a4cfad1/6180087/images/Screenshot7.png","size":156442,"hash":"o6BEgKPdZH8EOrJ+Ve0f+o1dc/s=","width":2110,"height":808,"folderId":null,"thumbnail":{"url":"https://assets.nicepagecdn.com/8a4cfad1/6180087/images/thumbnails/Screenshot7.png","width":150,"height":57},"usages":["7321365"]},{"id":"user-image-Screenshot18.png","fileName":"Screenshot18.png","name":"Screenshot18","publicUrl":"https://assets.nicepagecdn.com/8a4cfad1/6180087/images/Screenshot18.png","size":203881,"hash":"A1urHbmA19fw0+U3oym+TLAQsbQ=","width":2096,"height":834,"folderId":null,"thumbnail":{"url":"https://assets.nicepagecdn.com/8a4cfad1/6180087/images/thumbnails/Screenshot18.png","width":150,"height":60},"usages":[]},{"id":"user-image-Screenshot15.png","fileName":"Screenshot15.png","name":"Screenshot15","publicUrl":"https://assets.nicepagecdn.com/8a4cfad1/6180087/images/Screenshot15.png","size":213298,"hash":"9HjwX7xw0FkOhSBtviqExmSNsGE=","width":2098,"height":880,"folderId":null,"thumbnail":{"url":"https://assets.nicepagecdn.com/8a4cfad1/6180087/images/thumbnails/Screenshot15.png","width":150,"height":63},"usages":["7321365"]},{"id":"user-image-Screenshot16.png","fileName":"Screenshot16.png","name":"Screenshot16","publicUrl":"https://assets.nicepagecdn.com/8a4cfad1/6180087/images/Screenshot16.png","size":200208,"hash":"GTHigcVlPHXy8J+WddjPA/vYPOM=","width":2086,"height":1072,"folderId":null,"thumbnail":{"url":"https://assets.nicepagecdn.com/8a4cfad1/6180087/images/thumbnails/Screenshot16.png","width":150,"height":77},"usages":["7321365"]},{"id":"user-image-Screenshot5.png","fileName":"Screenshot5.png","name":"Screenshot5","publicUrl":"https://assets.nicepagecdn.com/8a4cfad1/6180087/images/Screenshot5.png","size":221007,"hash":"HFXxI6M8TIrFRl+MLo9OWsKzpyo=","width":2108,"height":1192,"folderId":null,"thumbnail":{"url":"https://assets.nicepagecdn.com/8a4cfad1/6180087/images/thumbnails/Screenshot5.png","width":150,"height":85},"usages":["7321365"]},{"id":"user-image-Screenshot6.png","fileName":"Screenshot6.png","name":"Screenshot6","publicUrl":"https://assets.nicepagecdn.com/8a4cfad1/6180087/images/Screenshot6.png","size":100211,"hash":"KugPIgtGGbJAqp2u4dxxv0GMQng=","width":2108,"height":744,"folderId":null,"thumbnail":{"url":"https://assets.nicepagecdn.com/8a4cfad1/6180087/images/thumbnails/Screenshot6.png","width":150,"height":53},"usages":[]},{"id":"user-image-Screenshot8.png","fileName":"Screenshot8.png","name":"Screenshot8","publicUrl":"https://assets.nicepagecdn.com/8a4cfad1/6180087/images/Screenshot8.png","size":155157,"hash":"KskZI8iZ/lSoEH2yuJjmRCS+c+o=","width":2094,"height":614,"folderId":null,"thumbnail":{"url":"https://assets.nicepagecdn.com/8a4cfad1/6180087/images/thumbnails/Screenshot8.png","width":150,"height":44},"usages":[]},{"id":"user-image-Screenshot20.png","fileName":"Screenshot20.png","name":"Screenshot20","publicUrl":"https://assets.nicepagecdn.com/8a4cfad1/6180087/images/Screenshot20.png","size":180399,"hash":"lFYpKsN8oeo8+irpsTHwbSAM+Fs=","width":2100,"height":840,"folderId":null,"thumbnail":{"url":"https://assets.nicepagecdn.com/8a4cfad1/6180087/images/thumbnails/Screenshot20.png","width":150,"height":60},"usages":["7321365"]},{"id":"user-image-Screenshot1.png","fileName":"Screenshot1.png","name":"Screenshot1","publicUrl":"https://assets.nicepagecdn.com/8a4cfad1/6180087/images/Screenshot1.png","size":140042,"hash":"YXhYnIZn9leZiGcDpndVog9e4XU=","width":2102,"height":870,"folderId":null,"thumbnail":{"url":"https://assets.nicepagecdn.com/8a4cfad1/6180087/images/thumbnails/Screenshot1.png","width":150,"height":62},"usages":[]},{"id":"user-image-Screenshot2.png","fileName":"Screenshot2.png","name":"Screenshot2","publicUrl":"https://assets.nicepagecdn.com/8a4cfad1/6180087/images/Screenshot2.png","size":155521,"hash":"vJpQmstPLziolUhobzHjwFyrdxA=","width":2094,"height":812,"folderId":null,"thumbnail":{"url":"https://assets.nicepagecdn.com/8a4cfad1/6180087/images/thumbnails/Screenshot2.png","width":150,"height":58},"usages":["7321365"]},{"id":"user-image-Screenshot17.png","fileName":"Screenshot17.png","name":"Screenshot17","publicUrl":"https://assets.nicepagecdn.com/8a4cfad1/6180087/images/Screenshot17.png","size":69203,"hash":"ds6Ha1UYRI0XGQf0754pYDKvYTk=","width":2104,"height":576,"folderId":null,"thumbnail":{"url":"https://assets.nicepagecdn.com/8a4cfad1/6180087/images/thumbnails/Screenshot17.png","width":150,"height":41},"usages":[]},{"id":"user-image-Screenshot2024-02-08143732.png","fileName":"Screenshot2024-02-08143732.png","name":"Screenshot2024-02-08143732","publicUrl":"https://assets.nicepagecdn.com/8a4cfad1/6180087/images/Screenshot2024-02-08143732.png","size":35705,"hash":"YTRCOGjvHIiFrZzb0PvK2TPYVe4=","width":1212,"height":685,"folderId":null,"thumbnail":{"url":"https://assets.nicepagecdn.com/8a4cfad1/6180087/images/thumbnails/Screenshot2024-02-08143732.png","width":150,"height":85},"usages":["79488912"]},{"id":"user-image-Screenshot2024-02-04205717.png","fileName":"Screenshot2024-02-04205717.png","name":"Screenshot2024-02-04205717","publicUrl":"https://assets.nicepagecdn.com/8a4cfad1/6180087/images/Screenshot2024-02-04205717.png","size":59844,"hash":"FZV0mz70pxDnSkveX2xqlBGv1Yg=","width":1307,"height":674,"folderId":null,"thumbnail":{"url":"https://assets.nicepagecdn.com/8a4cfad1/6180087/images/thumbnails/Screenshot2024-02-04205717.png","width":150,"height":77},"usages":["79488912"]},{"id":"user-image-Screenshot2024-02-04205357.png","fileName":"Screenshot2024-02-04205357.png","name":"Screenshot2024-02-04205357","publicUrl":"https://assets.nicepagecdn.com/8a4cfad1/6180087/images/Screenshot2024-02-04205357.png","size":28335,"hash":"It3MLWSdnbe5Id30UCGlzVZu8+s=","width":1304,"height":726,"folderId":null,"thumbnail":{"url":"https://assets.nicepagecdn.com/8a4cfad1/6180087/images/thumbnails/Screenshot2024-02-04205357.png","width":150,"height":84},"usages":["79488912"]},{"id":"user-image-Screenshot2024-02-04205301.png","fileName":"Screenshot2024-02-04205301.png","name":"Screenshot2024-02-04205301","publicUrl":"https://assets.nicepagecdn.com/8a4cfad1/6180087/images/Screenshot2024-02-04205301.png","size":64698,"hash":"Y6LVVdoFPujgp58KtFAIBV4y0WA=","width":1301,"height":716,"folderId":null,"thumbnail":{"url":"https://assets.nicepagecdn.com/8a4cfad1/6180087/images/thumbnails/Screenshot2024-02-04205301.png","width":150,"height":83},"usages":["79488912"]},{"id":"user-image-Screenshot2024-02-04205241.png","fileName":"Screenshot2024-02-04205241.png","name":"Screenshot2024-02-04205241","publicUrl":"https://assets.nicepagecdn.com/8a4cfad1/6180087/images/Screenshot2024-02-04205241.png","size":234015,"hash":"IckYdQb9RUhMcrq5PHxhDThaKlk=","width":1304,"height":733,"folderId":null,"thumbnail":{"url":"https://assets.nicepagecdn.com/8a4cfad1/6180087/images/thumbnails/Screenshot2024-02-04205241.png","width":150,"height":84},"usages":["79488912"]},{"id":"user-image-Screenshot2024-02-04205156.png","fileName":"Screenshot2024-02-04205156.png","name":"Screenshot2024-02-04205156","publicUrl":"https://assets.nicepagecdn.com/8a4cfad1/6180087/images/Screenshot2024-02-04205156.png","size":59326,"hash":"9etR25IfPixprBeqK6vRzqCBVIU=","width":1308,"height":728,"folderId":null,"thumbnail":{"url":"https://assets.nicepagecdn.com/8a4cfad1/6180087/images/thumbnails/Screenshot2024-02-04205156.png","width":150,"height":83},"usages":["79488912"]},{"id":"user-image-UMLscreenshot2.png","fileName":"UMLscreenshot2.png","name":"UMLscreenshot2","publicUrl":"https://assets.nicepagecdn.com/8a4cfad1/6180087/images/UMLscreenshot2.png","size":119011,"hash":"u8m3uw1xmLw8s897tNB7z16AGQo=","width":2564,"height":726,"folderId":null,"thumbnail":{"url":"https://assets.nicepagecdn.com/8a4cfad1/6180087/images/thumbnails/UMLscreenshot2.png","width":150,"height":42},"usages":["2327307655"]},{"id":"user-image-UMLscreenshot4.png","fileName":"UMLscreenshot4.png","name":"UMLscreenshot4","publicUrl":"https://assets.nicepagecdn.com/8a4cfad1/6180087/images/UMLscreenshot4.png","size":130404,"hash":"p5cSJGMnK9OzDCQaD2NFEnup7co=","width":1354,"height":1300,"folderId":null,"thumbnail":{"url":"https://assets.nicepagecdn.com/8a4cfad1/6180087/images/thumbnails/UMLscreenshot4.png","width":150,"height":144},"usages":["1149770"]},{"id":"user-image-UMLscreenshot1.png","fileName":"UMLscreenshot1.png","name":"UMLscreenshot1","publicUrl":"https://assets.nicepagecdn.com/8a4cfad1/6180087/images/UMLscreenshot1.png","size":158037,"hash":"NT5Z0ApF3fKaSvggVgEm+F2bi9s=","width":1930,"height":1318,"folderId":null,"thumbnail":{"url":"https://assets.nicepagecdn.com/8a4cfad1/6180087/images/thumbnails/UMLscreenshot1.png","width":150,"height":102},"usages":["58338764"]},{"id":"user-image-UMLscreenshot3.png","fileName":"UMLscreenshot3.png","name":"UMLscreenshot3","publicUrl":"https://assets.nicepagecdn.com/8a4cfad1/6180087/images/UMLscreenshot3.png","size":136353,"hash":"LC7V6BpiOsiT5l6l6sXy9o2SQkk=","width":1462,"height":1428,"folderId":null,"thumbnail":{"url":"https://assets.nicepagecdn.com/8a4cfad1/6180087/images/thumbnails/UMLscreenshot3.png","width":150,"height":147},"usages":["511228819"]},{"id":"user-image-ebf3cd370ee7ba18179095b29f2129a4a1c426f7c0ab64f1d48b1e70ff723db91b515f8b3cce7fc73362b51b3d9aff8f5825b29e47836fcbf1a081_1280-2.png","fileName":"ebf3cd370ee7ba18179095b29f2129a4a1c426f7c0ab64f1d48b1e70ff723db91b515f8b3cce7fc73362b51b3d9aff8f5825b29e47836fcbf1a081_1280-2.png","name":"ebf3cd370ee7ba18179095b29f2129a4a1c426f7c0ab64f1d48b1e70ff723db91b515f8b3cce7fc73362b51b3d9aff8f5825b29e47836fcbf1a081_1280-2","publicUrl":"https://assets.nicepagecdn.com/8a4cfad1/6180087/images/ebf3cd370ee7ba18179095b29f2129a4a1c426f7c0ab64f1d48b1e70ff723db91b515f8b3cce7fc73362b51b3d9aff8f5825b29e47836fcbf1a081_1280-2.png","size":261873,"hash":"CfPJTOOZ7c5TdJKfeU39BbDhGzs=","width":850,"height":1106,"folderId":null,"thumbnail":{"url":"https://assets.nicepagecdn.com/8a4cfad1/6180087/images/thumbnails/ebf3cd370ee7ba18179095b29f2129a4a1c426f7c0ab64f1d48b1e70ff723db91b515f8b3cce7fc73362b51b3d9aff8f5825b29e47836fcbf1a081_1280-2.png","width":115,"height":150},"usages":["854011138"]},{"id":"user-image-google-cloud-run-icon-512x460-knkc4eyx.png","fileName":"google-cloud-run-icon-512x460-knkc4eyx.png","name":"google-cloud-run-icon-512x460-knkc4eyx","publicUrl":"https://assets.nicepagecdn.com/8a4cfad1/6180087/images/google-cloud-run-icon-512x460-knkc4eyx.png","size":21579,"hash":"FW/GNUcXfsmdtc99eLTs0b57HE0=","width":512,"height":460,"folderId":null,"thumbnail":{"url":"https://assets.nicepagecdn.com/8a4cfad1/6180087/images/thumbnails/google-cloud-run-icon-512x460-knkc4eyx.png","width":150,"height":135},"usages":["854011138"]},{"id":"user-image-tficon.png","fileName":"tficon.png","name":"tficon","publicUrl":"https://assets.nicepagecdn.com/8a4cfad1/6180087/images/tficon.png","size":6022,"hash":"iByRgMRWe5g6RfMRQh5Yv77C7jE=","width":704,"height":800,"folderId":null,"thumbnail":{"url":"https://assets.nicepagecdn.com/8a4cfad1/6180087/images/thumbnails/tficon.png","width":132,"height":150},"usages":["854011138"]},{"id":"user-image-terraform.png","fileName":"terraform.png","name":"terraform","publicUrl":"https://assets.nicepagecdn.com/8a4cfad1/6180087/images/terraform.png","size":3621,"hash":"aFitBIZJwg2ALCcEIyor7OghG/o=","width":212,"height":238,"folderId":null,"thumbnail":{"url":"https://assets.nicepagecdn.com/8a4cfad1/6180087/images/thumbnails/terraform.png","width":134,"height":150},"usages":[]},{"id":"user-image-google-gke-icon-512x457-q6s0e3iu.png","fileName":"google-gke-icon-512x457-q6s0e3iu.png","name":"google-gke-icon-512x457-q6s0e3iu","publicUrl":"https://assets.nicepagecdn.com/8a4cfad1/6180087/images/google-gke-icon-512x457-q6s0e3iu.png","size":28427,"hash":"DDFFHUC7hPnR0fn8beojoUT7kqQ=","width":512,"height":457,"folderId":null,"thumbnail":{"url":"https://assets.nicepagecdn.com/8a4cfad1/6180087/images/thumbnails/google-gke-icon-512x457-q6s0e3iu.png","width":150,"height":134},"usages":["854011138"]},{"id":"user-image-gke.png","fileName":"gke.png","name":"gke","publicUrl":"https://assets.nicepagecdn.com/8a4cfad1/6180087/images/gke.png","size":10499,"hash":"589r7ICoL/F7jTehIeQhDNIYdvE=","width":512,"height":512,"folderId":null,"thumbnail":{"url":"https://assets.nicepagecdn.com/8a4cfad1/6180087/images/thumbnails/gke.png","width":150,"height":150},"usages":[]},{"id":"user-image-google.png","fileName":"google.png","name":"google","publicUrl":"https://assets.nicepagecdn.com/8a4cfad1/6180087/images/google.png","size":26827,"hash":"5Q22aw6niJFRxV43aAT2vzs7SYw=","width":512,"height":512,"folderId":null,"thumbnail":{"url":"https://assets.nicepagecdn.com/8a4cfad1/6180087/images/thumbnails/google.png","width":150,"height":150},"usages":[]},{"id":"user-image-47c0130ea6a20a75aacf7e74039319ca389706af2311a8f8ed998b1883cd533a178a15a3665e12382402551211b31965835419f64b7315dc3c177a_1280.jpg","publicUrl":"https://assets.nicepagecdn.com/8a4cfad1/6180087/images/47c0130ea6a20a75aacf7e74039319ca389706af2311a8f8ed998b1883cd533a178a15a3665e12382402551211b31965835419f64b7315dc3c177a_1280.jpg","size":256290,"hash":"dXiayhOYeGqDRbp2/C3gztY2bBk=","fileName":"47c0130ea6a20a75aacf7e74039319ca389706af2311a8f8ed998b1883cd533a178a15a3665e12382402551211b31965835419f64b7315dc3c177a_1280.jpg","name":"47c0130ea6a20a75aacf7e74039319ca389706af2311a8f8ed998b1883cd533a178a15a3665e12382402551211b31965835419f64b7315dc3c177a_1280","width":1280,"height":853,"folderId":null,"usages":["854011138"],"thumbnail":{"url":"https://assets.nicepagecdn.com/8a4cfad1/6180087/images/47c0130ea6a20a75aacf7e74039319ca389706af2311a8f8ed998b1883cd533a178a15a3665e12382402551211b31965835419f64b7315dc3c177a_1280.jpg","width":1280,"height":853}},{"id":"user-image-733553.png","publicUrl":"https://assets.nicepagecdn.com/8a4cfad1/6180087/images/733553.png","size":3883,"hash":"5rTtye0dHKDl+sjKYD7kbLudp78=","fileName":"733553.png","name":"733553","width":128,"height":128,"folderId":null,"usages":["854011138"],"thumbnail":{"url":"https://assets.nicepagecdn.com/8a4cfad1/6180087/images/733553.png","width":128,"height":128}},{"id":"user-image-9e331980622694972265e53ba595b9f76dcfdffbcd9ad63a7a1d4b44051925e3217818c5239cb68558701ab946a2747db43695003d80c7f3bc70b9_1280.jpg","publicUrl":"https://assets.nicepagecdn.com/8a4cfad1/6180087/images/9e331980622694972265e53ba595b9f76dcfdffbcd9ad63a7a1d4b44051925e3217818c5239cb68558701ab946a2747db43695003d80c7f3bc70b9_1280.jpg","size":130997,"hash":"1HFTOFmldfbxdUYH1RtfINjfTZc=","fileName":"9e331980622694972265e53ba595b9f76dcfdffbcd9ad63a7a1d4b44051925e3217818c5239cb68558701ab946a2747db43695003d80c7f3bc70b9_1280.jpg","name":"9e331980622694972265e53ba595b9f76dcfdffbcd9ad63a7a1d4b44051925e3217818c5239cb68558701ab946a2747db43695003d80c7f3bc70b9_1280","width":1280,"height":853,"folderId":null,"usages":["854011138"],"thumbnail":{"url":"https://assets.nicepagecdn.com/8a4cfad1/6180087/images/9e331980622694972265e53ba595b9f76dcfdffbcd9ad63a7a1d4b44051925e3217818c5239cb68558701ab946a2747db43695003d80c7f3bc70b9_1280.jpg","width":1280,"height":853}},{"id":"user-image-16x9-female-instructor-students-classroom-digital-screen-ADO-544382639.1280.jpg","publicUrl":"https://assets.nicepagecdn.com/8a4cfad1/6180087/images/16x9-female-instructor-students-classroom-digital-screen-ADO-544382639.1280.jpg","size":60304,"hash":"IdncO9vd7dZ9ahAevsOPihmK+IU=","fileName":"16x9-female-instructor-students-classroom-digital-screen-ADO-544382639.1280.jpg","name":"16x9-female-instructor-students-classroom-digital-screen-ADO-544382639.1280","width":1280,"height":720,"folderId":null,"usages":["854011138"],"thumbnail":{"url":"https://assets.nicepagecdn.com/8a4cfad1/6180087/images/16x9-female-instructor-students-classroom-digital-screen-ADO-544382639.1280.jpg","width":1280,"height":720}},{"id":"user-image-2965311.png","publicUrl":"https://assets.nicepagecdn.com/8a4cfad1/6180087/images/2965311.png","size":6649,"hash":"cMgSnn44iYq3aJh2TaaIoih0++c=","fileName":"2965311.png","name":"2965311","width":128,"height":128,"folderId":null,"usages":[],"thumbnail":{"url":"https://assets.nicepagecdn.com/8a4cfad1/6180087/images/2965311.png","width":128,"height":128}},{"id":"user-image-2702602.png","publicUrl":"https://assets.nicepagecdn.com/8a4cfad1/6180087/images/2702602.png","size":4451,"hash":"0brMv6a4cKT8MkIW3ToJxwpEkV4=","fileName":"2702602.png","name":"2702602","width":128,"height":128,"folderId":null,"usages":[],"thumbnail":{"url":"https://assets.nicepagecdn.com/8a4cfad1/6180087/images/2702602.png","width":128,"height":128}},{"id":"user-image-1886825.png","publicUrl":"https://assets.nicepagecdn.com/8a4cfad1/6180087/images/1886825.png","size":5782,"hash":"G0yiKZMD2oJQJd+Y4/qxnxwrUoo=","fileName":"1886825.png","name":"1886825","width":128,"height":128,"folderId":null,"usages":["854011138"],"thumbnail":{"url":"https://assets.nicepagecdn.com/8a4cfad1/6180087/images/1886825.png","width":128,"height":128}},{"id":"user-image-8334186.png","publicUrl":"https://assets.nicepagecdn.com/8a4cfad1/6180087/images/8334186.png","size":6751,"hash":"E5x6lDQ70LiuPNMCGLjPj7j/VsU=","fileName":"8334186.png","name":"8334186","width":128,"height":128,"folderId":null,"usages":["854011138"],"thumbnail":{"url":"https://assets.nicepagecdn.com/8a4cfad1/6180087/images/8334186.png","width":128,"height":128}},{"id":"user-image-20150428-cloud-computing.0.1489222360.0.jpg","publicUrl":"https://assets.nicepagecdn.com/8a4cfad1/6180087/images/20150428-cloud-computing.0.1489222360.0.jpg","size":77239,"hash":"oRlwO90ztOI3zheNntFH6a4cJwc=","fileName":"20150428-cloud-computing.0.1489222360.0.jpg","name":"20150428-cloud-computing.0.1489222360.0","width":1200,"height":800,"folderId":null,"usages":["854011138"],"thumbnail":{"url":"https://assets.nicepagecdn.com/8a4cfad1/6180087/images/20150428-cloud-computing.0.1489222360.0.jpg","width":1200,"height":800}},{"id":"user-image-148752.png","publicUrl":"https://assets.nicepagecdn.com/8a4cfad1/6180087/images/148752.png","size":5709,"hash":"mF4oA5hlxeG6ZtCr3EvrYSRtBtE=","fileName":"148752.png","name":"148752","width":128,"height":128,"folderId":null,"usages":[],"thumbnail":{"url":"https://assets.nicepagecdn.com/8a4cfad1/6180087/images/148752.png","width":128,"height":128}},{"id":"user-image-148799.png","publicUrl":"https://assets.nicepagecdn.com/8a4cfad1/6180087/images/148799.png","size":4985,"hash":"LdELMWnPJJ3b7yoEKD6lNlxU/RQ=","fileName":"148799.png","name":"148799","width":128,"height":128,"folderId":null,"usages":["854011138"],"thumbnail":{"url":"https://assets.nicepagecdn.com/8a4cfad1/6180087/images/148799.png","width":128,"height":128}},{"id":"user-image-bg3.png","publicUrl":"https://assets.nicepagecdn.com/8a4cfad1/6180087/images/bg3.png","size":16496,"hash":"NJ38hYtB+UPWESl+d+jw8Zrg3Qk=","fileName":"bg3.png","name":"bg3","width":1952,"height":996,"folderId":null,"originalUrl":"//images03.nicepage.com/c461c07a441a5d220e8feb1a/6a991996f93057feb83f5025/bg3.png","usages":["854011138"],"thumbnail":{"url":"https://assets.nicepagecdn.com/8a4cfad1/6180087/images/bg3.png","width":1952,"height":996}}]