[{"id":42067007,"title":"Blog Template","order":1,"templateKey":"blog","customTemplate":false,"customTemplateFilename":null,"pageLinks":[],"dateCreated":"2024-01-23T08:22:02.517Z","dateUpdated":"2024-01-23T08:22:05.428Z","folderId":null,"pageName":"Blog Template","sectionCount":1,"status":2},{"id":162405680,"title":"Post Template","order":2,"templateKey":"post","customTemplate":false,"customTemplateFilename":null,"pageLinks":[],"dateCreated":"2024-01-23T08:22:02.735Z","dateUpdated":"2024-01-23T08:22:05.428Z","folderId":null,"pageName":"Post Template","sectionCount":1,"status":2},{"id":386320668,"title":"Product List Template","order":3,"templateKey":"products","customTemplate":false,"customTemplateFilename":null,"pageLinks":[],"dateCreated":"2024-01-23T08:22:03.014Z","dateUpdated":"2024-01-23T08:22:05.429Z","folderId":null,"pageName":"Product List Template","sectionCount":1,"status":2},{"id":247526944,"title":"Product Details Template","order":4,"templateKey":"product","customTemplate":false,"customTemplateFilename":null,"pageLinks":[],"dateCreated":"2024-01-23T08:22:03.330Z","dateUpdated":"2024-01-23T08:22:05.429Z","folderId":null,"pageName":"Product Details Template","sectionCount":1,"status":2},{"id":95295982,"title":"Shopping Cart Template","order":5,"templateKey":"cart","customTemplate":false,"customTemplateFilename":null,"pageLinks":[],"dateCreated":"2024-01-23T08:22:03.585Z","dateUpdated":"2024-01-23T08:22:05.429Z","folderId":null,"pageName":"Shopping Cart Template","sectionCount":1,"status":2},{"id":247520216,"title":"Checkout Template","order":6,"templateKey":"checkout","customTemplate":false,"customTemplateFilename":null,"pageLinks":[],"dateCreated":"2024-01-23T08:22:03.952Z","dateUpdated":"2024-01-23T08:22:05.430Z","folderId":null,"pageName":"Checkout Template","sectionCount":1,"status":2},{"id":46375972,"title":"Login Template","order":7,"templateKey":"login","customTemplate":false,"customTemplateFilename":null,"pageLinks":[],"dateCreated":"2024-01-23T08:22:04.164Z","dateUpdated":"2024-01-23T08:22:05.430Z","folderId":null,"pageName":"Login Template","sectionCount":1,"status":2},{"id":83777654,"title":"Page Password Template","order":8,"templateKey":"password","customTemplate":false,"customTemplateFilename":null,"pageLinks":[],"dateCreated":"2024-01-23T08:22:04.348Z","dateUpdated":"2024-01-23T08:22:05.430Z","folderId":null,"pageName":"Page Password Template","sectionCount":1,"status":2},{"id":158825533,"title":"404 Not Found Template","order":9,"templateKey":"404","customTemplate":false,"customTemplateFilename":null,"pageLinks":[],"dateCreated":"2024-01-23T08:22:04.487Z","dateUpdated":"2024-01-23T08:22:05.430Z","folderId":null,"pageName":"404 Not Found Template","sectionCount":1,"status":2},{"id":731925839,"title":"Thank You Page Template","order":10,"templateKey":"ThankYou","customTemplate":false,"customTemplateFilename":null,"pageLinks":[],"dateCreated":"2024-01-23T08:22:04.611Z","dateUpdated":"2024-01-23T08:22:05.430Z","folderId":null,"pageName":"Thank You Page Template","sectionCount":1,"status":2},{"id":854011138,"title":"Home","order":50,"templateKey":null,"customTemplate":false,"customTemplateFilename":null,"pageLinks":["511228819","79488912","58338764","2327307655","1149770","7321365","5210942","59326563","2083429934"],"dateCreated":"2024-01-23T08:22:47.023Z","dateUpdated":"2024-02-13T05:50:54.835Z","folderId":null,"pageName":"Home_854011138","sectionCount":7,"status":2},{"id":5210942,"title":"Page 7","order":102,"templateKey":null,"customTemplate":false,"customTemplateFilename":null,"pageLinks":[],"dateCreated":"2024-01-23T09:09:13.853Z","dateUpdated":"2024-02-13T06:42:35.793Z","folderId":null,"pageName":"Page 7_5210942","sectionCount":3,"status":2},{"id":59326563,"title":"Page 9","order":103,"templateKey":null,"customTemplate":false,"customTemplateFilename":null,"pageLinks":[],"dateCreated":"2024-01-23T09:09:13.853Z","dateUpdated":"2024-02-12T06:12:34.221Z","folderId":null,"pageName":"Page 9_59326563","sectionCount":1,"status":2},{"id":2083429934,"title":"Page 8","order":104,"templateKey":null,"customTemplate":false,"customTemplateFilename":null,"pageLinks":[],"dateCreated":"2024-01-23T09:09:13.853Z","dateUpdated":"2024-02-12T04:04:38.109Z","folderId":null,"pageName":"Page 8_2083429934","sectionCount":2,"status":2},{"id":2327307655,"title":"Page 5","order":105,"templateKey":null,"customTemplate":false,"customTemplateFilename":null,"pageLinks":[],"dateCreated":"2024-01-25T06:29:56.330Z","dateUpdated":"2024-02-13T07:11:09.552Z","folderId":null,"pageName":"Page 5_2327307655","sectionCount":4,"status":2},{"id":7321365,"title":"Page 6","order":105.5,"templateKey":null,"customTemplate":false,"customTemplateFilename":null,"pageLinks":[],"dateCreated":"2024-01-25T06:29:56.330Z","dateUpdated":"2024-02-13T06:03:13.298Z","folderId":null,"pageName":"Page 6_7321365","sectionCount":7,"status":2},{"id":511228819,"title":"Page 1","order":106,"templateKey":null,"customTemplate":false,"customTemplateFilename":null,"pageLinks":[],"dateCreated":"2024-01-25T06:29:56.330Z","dateUpdated":"2024-02-13T07:10:49.406Z","folderId":null,"pageName":"Page 1_511228819","sectionCount":4,"status":2},{"id":58338764,"title":"Page 2","order":107,"templateKey":null,"customTemplate":false,"customTemplateFilename":null,"pageLinks":[],"dateCreated":"2024-01-25T06:29:56.330Z","dateUpdated":"2024-02-13T05:54:22.878Z","folderId":null,"pageName":"Page 2_58338764","sectionCount":4,"status":2},{"id":1149770,"title":"Page 3","order":108,"templateKey":null,"customTemplate":false,"customTemplateFilename":null,"pageLinks":[],"dateCreated":"2024-01-25T06:29:56.330Z","dateUpdated":"2024-02-13T06:53:09.723Z","folderId":null,"pageName":"Page 3_1149770","sectionCount":4,"status":2},{"id":79488912,"title":"Page 4","order":109,"templateKey":null,"customTemplate":false,"customTemplateFilename":null,"pageLinks":[],"dateCreated":"2024-01-25T06:29:56.330Z","dateUpdated":"2024-02-13T05:58:45.347Z","folderId":null,"pageName":"Page 4_79488912","sectionCount":7,"status":2}]